chr16	68736725	68738856	EZH2	chr16:68738315_C/T
chr16	68736728	68738925	EZH2	chr16:68738315_C/T
chr16	68736805	68738348	CBX8	chr16:68738315_C/T
chr16	68736959	68738781	SPI1	chr16:68738315_C/T
chr16	68736965	68738910	SPI1	chr16:68738315_C/T
chr16	68737001	68738614	ZBTB7A	chr16:68738315_C/T
chr16	68737033	68738617	KDM4C	chr16:68738315_C/T
chr16	68737082	68738642	FOXA2	chr16:68738315_C/T
chr16	68737766	68738544	TAF3	chr16:68738315_C/T
chr16	68737776	68738921	POLR2A	chr16:68738315_C/T
chr16	68737785	68738808	POLR2A	chr16:68738315_C/T
chr16	68737811	68738632	SPI1	chr16:68738315_C/T
chr16	68737817	68738835	SPI1	chr16:68738315_C/T
chr16	68737823	68738904	SPI1	chr16:68738315_C/T
chr16	68737833	68738445	TAF1	chr16:68738315_C/T
chr16	68737855	68738573	EZH2	chr16:68738315_C/T
chr16	68737863	68738622	SPI1	chr16:68738315_C/T
chr16	68737877	68738748	SPI1	chr16:68738315_C/T
chr16	68737897	68738671	SPI1	chr16:68738315_C/T
chr16	68737913	68738911	SPI1	chr16:68738315_C/T
chr16	68737914	68738611	CTCF	chr16:68738315_C/T
chr16	68737924	68738683	SPI1	chr16:68738315_C/T
chr16	68737941	68738638	SMC3	chr16:68738315_C/T
chr16	68737996	68738590	FOXA2	chr16:68738315_C/T
chr16	68737997	68738324	BRD4	chr16:68738315_C/T
chr16	68737999	68738582	NR2F2	chr16:68738315_C/T
chr16	68738009	68738658	CTCF	chr16:68738315_C/T
chr16	68738012	68738609	SPI1	chr16:68738315_C/T
chr16	68738028	68738538	SP1	chr16:68738315_C/T
chr16	68738033	68738582	POLR2A	chr16:68738315_C/T
chr16	68738034	68738644	CTCF	chr16:68738315_C/T
chr16	68738036	68738554	SPI1	chr16:68738315_C/T
chr16	68738041	68738560	SPI1	chr16:68738315_C/T
chr16	68738044	68738602	CTCF	chr16:68738315_C/T
chr16	68738044	68738652	SPI1	chr16:68738315_C/T
chr16	68738045	68738570	SPI1	chr16:68738315_C/T
chr16	68738050	68738632	SPI1	chr16:68738315_C/T
chr16	68738058	68738463	GTF2I	chr16:68738315_C/T
chr16	68738059	68738483	CTCF	chr16:68738315_C/T
chr16	68738072	68738571	POLR2A	chr16:68738315_C/T
chr16	68738073	68738485	SPI1	chr16:68738315_C/T
chr16	68738074	68738672	SMC1A	chr16:68738315_C/T
chr16	68738080	68738476	KDM5B	chr16:68738315_C/T
chr16	68738081	68738588	SPI1	chr16:68738315_C/T
chr16	68738081	68738587	SPI1	chr16:68738315_C/T
chr16	68738085	68738501	KDM5B	chr16:68738315_C/T
chr16	68738086	68738593	FOXA1	chr16:68738315_C/T
chr16	68738088	68738548	FOXA2	chr16:68738315_C/T
chr16	68738092	68738456	KDM5B	chr16:68738315_C/T
chr16	68738094	68738650	RAD21	chr16:68738315_C/T
chr16	68738097	68738474	KDM5B	chr16:68738315_C/T
chr16	68738115	68738569	ESR1	chr16:68738315_C/T
chr16	68738118	68738650	SPI1	chr16:68738315_C/T
chr16	68738119	68738537	TFDP1	chr16:68738315_C/T
chr16	68738121	68738826	E2F1	chr16:68738315_C/T
chr16	68738122	68738859	SPI1	chr16:68738315_C/T
chr16	68738125	68738474	ZEB1	chr16:68738315_C/T
chr16	68738130	68738366	SPI1	chr16:68738315_C/T
chr16	68738131	68738428	SPI1	chr16:68738315_C/T
chr16	68738133	68738356	KLF4	chr16:68738315_C/T
chr16	68738137	68738567	RAD21	chr16:68738315_C/T
chr16	68738137	68738617	SPI1	chr16:68738315_C/T
chr16	68738143	68738479	TFAP2C	chr16:68738315_C/T
chr16	68738144	68738530	CTCF	chr16:68738315_C/T
chr16	68738145	68738542	CTCF	chr16:68738315_C/T
chr16	68738146	68738350	POLR2A	chr16:68738315_C/T
chr16	68738147	68738476	KDM5B	chr16:68738315_C/T
chr16	68738147	68738597	SPI1	chr16:68738315_C/T
chr16	68738149	68738511	CTCF	chr16:68738315_C/T
chr16	68738149	68738512	EP300	chr16:68738315_C/T
chr16	68738149	68738552	RAD21	chr16:68738315_C/T
chr16	68738150	68738533	ERG	chr16:68738315_C/T
chr16	68738150	68738444	SPI1	chr16:68738315_C/T
chr16	68738152	68738648	RAD21	chr16:68738315_C/T
chr16	68738154	68738542	CTCF	chr16:68738315_C/T
chr16	68738157	68738515	CTCF	chr16:68738315_C/T
chr16	68738157	68738412	SPI1	chr16:68738315_C/T
chr16	68738158	68738520	CTCF	chr16:68738315_C/T
chr16	68738158	68738934	SPI1	chr16:68738315_C/T
chr16	68738158	68738547	STAG1	chr16:68738315_C/T
chr16	68738159	68738512	SPI1	chr16:68738315_C/T
chr16	68738160	68738421	SPI1	chr16:68738315_C/T
chr16	68738165	68738501	CTCF	chr16:68738315_C/T
chr16	68738166	68738557	SPI1	chr16:68738315_C/T
chr16	68738168	68738590	RAD21	chr16:68738315_C/T
chr16	68738169	68738514	SPI1	chr16:68738315_C/T
chr16	68738172	68738321	NFIC	chr16:68738315_C/T
chr16	68738172	68738389	SPI1	chr16:68738315_C/T
chr16	68738173	68738791	SPI1	chr16:68738315_C/T
chr16	68738174	68738429	SPI1	chr16:68738315_C/T
chr16	68738175	68738873	SPI1	chr16:68738315_C/T
chr16	68738176	68738407	SPI1	chr16:68738315_C/T
chr16	68738176	68738490	SPI1	chr16:68738315_C/T
chr16	68738180	68738483	CTCF	chr16:68738315_C/T
chr16	68738180	68738590	CTCF	chr16:68738315_C/T
chr16	68738180	68738395	SPI1	chr16:68738315_C/T
chr16	68738181	68738509	CTCF	chr16:68738315_C/T
chr16	68738181	68738556	RAD21	chr16:68738315_C/T
chr16	68738182	68738524	CTCF	chr16:68738315_C/T
chr16	68738182	68738484	STAG1	chr16:68738315_C/T
chr16	68738185	68738485	CTCF	chr16:68738315_C/T
chr16	68738188	68738870	SPI1	chr16:68738315_C/T
chr16	68738188	68738528	SPI1	chr16:68738315_C/T
chr16	68738189	68738389	SPI1	chr16:68738315_C/T
chr16	68738190	68738526	CTCF	chr16:68738315_C/T
chr16	68738190	68738542	ESR1	chr16:68738315_C/T
chr16	68738190	68738546	RAD21	chr16:68738315_C/T
chr16	68738191	68738558	SPI1	chr16:68738315_C/T
chr16	68738192	68738505	SPI1	chr16:68738315_C/T
chr16	68738195	68738472	YY1	chr16:68738315_C/T
chr16	68738198	68738477	SPI1	chr16:68738315_C/T
chr16	68738199	68738512	SPI1	chr16:68738315_C/T
chr16	68738200	68738577	KLF5	chr16:68738315_C/T
chr16	68738201	68738569	RAD21	chr16:68738315_C/T
chr16	68738203	68738749	CTCF	chr16:68738315_C/T
chr16	68738203	68738671	STAG1	chr16:68738315_C/T
chr16	68738204	68738464	SPI1	chr16:68738315_C/T
chr16	68738206	68738718	ESR1	chr16:68738315_C/T
chr16	68738206	68738412	MED1	chr16:68738315_C/T
chr16	68738206	68738652	RAD21	chr16:68738315_C/T
chr16	68738206	68738445	SPI1	chr16:68738315_C/T
chr16	68738208	68738527	CTCF	chr16:68738315_C/T
chr16	68738209	68738532	TFAP2C	chr16:68738315_C/T
chr16	68738214	68738428	SPI1	chr16:68738315_C/T
chr16	68738217	68738541	CTCF	chr16:68738315_C/T
chr16	68738217	68738512	SPI1	chr16:68738315_C/T
chr16	68738219	68738609	CTCF	chr16:68738315_C/T
chr16	68738222	68738508	ESR1	chr16:68738315_C/T
chr16	68738226	68738568	RAD21	chr16:68738315_C/T
chr16	68738227	68738543	CTCF	chr16:68738315_C/T
chr16	68738227	68738530	ESR1	chr16:68738315_C/T
chr16	68738228	68738518	CTCF	chr16:68738315_C/T
chr16	68738229	68738393	CTCF	chr16:68738315_C/T
chr16	68738229	68738466	RAD21	chr16:68738315_C/T
chr16	68738229	68738711	RAD21	chr16:68738315_C/T
chr16	68738230	68738502	CTCF	chr16:68738315_C/T
chr16	68738231	68738519	STAG1	chr16:68738315_C/T
chr16	68738232	68738429	CBFB	chr16:68738315_C/T
chr16	68738233	68738489	CTCF	chr16:68738315_C/T
chr16	68738235	68738450	ZEB1	chr16:68738315_C/T
chr16	68738236	68738577	ESR1	chr16:68738315_C/T
chr16	68738240	68738529	ESR1	chr16:68738315_C/T
chr16	68738240	68738535	NRIP1	chr16:68738315_C/T
chr16	68738242	68738563	SPI1	chr16:68738315_C/T
chr16	68738243	68738530	ESR1	chr16:68738315_C/T
chr16	68738243	68738537	ESR1	chr16:68738315_C/T
chr16	68738244	68738533	ESR1	chr16:68738315_C/T
chr16	68738244	68738480	KDM5B	chr16:68738315_C/T
chr16	68738244	68738459	SPI1	chr16:68738315_C/T
chr16	68738246	68738517	ESR1	chr16:68738315_C/T
chr16	68738247	68738468	CTCF	chr16:68738315_C/T
chr16	68738248	68738467	CTCF	chr16:68738315_C/T
chr16	68738249	68738483	CTCF	chr16:68738315_C/T
chr16	68738253	68738527	RAD21	chr16:68738315_C/T
chr16	68738253	68738489	RAD21	chr16:68738315_C/T
chr16	68738253	68738603	RXRA	chr16:68738315_C/T
chr16	68738254	68738474	CTCF	chr16:68738315_C/T
chr16	68738254	68738467	CTCF	chr16:68738315_C/T
chr16	68738254	68738533	ESR1	chr16:68738315_C/T
chr16	68738257	68738466	CTCF	chr16:68738315_C/T
chr16	68738258	68738517	RAD21	chr16:68738315_C/T
chr16	68738259	68738518	CTCF	chr16:68738315_C/T
chr16	68738260	68738522	CTCF	chr16:68738315_C/T
chr16	68738262	68738511	ESR1	chr16:68738315_C/T
chr16	68738263	68738556	CTCF	chr16:68738315_C/T
chr16	68738263	68738519	ESR1	chr16:68738315_C/T
chr16	68738263	68738507	NR2F2	chr16:68738315_C/T
chr16	68738266	68738516	ESR1	chr16:68738315_C/T
chr16	68738266	68738471	RAD21	chr16:68738315_C/T
chr16	68738267	68738540	CTCF	chr16:68738315_C/T
chr16	68738267	68738524	ESR1	chr16:68738315_C/T
chr16	68738267	68738451	ESR1	chr16:68738315_C/T
chr16	68738268	68738502	CTCF	chr16:68738315_C/T
chr16	68738268	68738512	CTCF	chr16:68738315_C/T
chr16	68738268	68738429	CTCF	chr16:68738315_C/T
chr16	68738268	68738634	TAL1	chr16:68738315_C/T
chr16	68738270	68738473	CTCF	chr16:68738315_C/T
chr16	68738272	68738471	CTCF	chr16:68738315_C/T
chr16	68738272	68738634	SMC3	chr16:68738315_C/T
chr16	68738274	68738510	ESR1	chr16:68738315_C/T
chr16	68738274	68738533	ESR1	chr16:68738315_C/T
chr16	68738274	68738522	SPI1	chr16:68738315_C/T
chr16	68738275	68738669	CTCF	chr16:68738315_C/T
chr16	68738276	68738503	CTCF	chr16:68738315_C/T
chr16	68738277	68738469	CTCF	chr16:68738315_C/T
chr16	68738277	68738539	ESR1	chr16:68738315_C/T
chr16	68738277	68738483	STAG1	chr16:68738315_C/T
chr16	68738280	68738455	CTCF	chr16:68738315_C/T
chr16	68738280	68738446	CTCF	chr16:68738315_C/T
chr16	68738280	68738487	ESR1	chr16:68738315_C/T
chr16	68738281	68738507	CTCF	chr16:68738315_C/T
chr16	68738281	68738460	CTCF	chr16:68738315_C/T
chr16	68738283	68738493	CTBP2	chr16:68738315_C/T
chr16	68738283	68738493	CTCF	chr16:68738315_C/T
chr16	68738283	68738470	ESR1	chr16:68738315_C/T
chr16	68738283	68738470	RAD21	chr16:68738315_C/T
chr16	68738284	68738543	CTCF	chr16:68738315_C/T
chr16	68738284	68738507	CTCF	chr16:68738315_C/T
chr16	68738287	68738452	CTCF	chr16:68738315_C/T
chr16	68738287	68738509	ESR1	chr16:68738315_C/T
chr16	68738288	68738506	CTCF	chr16:68738315_C/T
chr16	68738290	68738517	ESR1	chr16:68738315_C/T
chr16	68738290	68738455	ESR1	chr16:68738315_C/T
chr16	68738291	68738436	CTCF	chr16:68738315_C/T
chr16	68738291	68738520	CTCF	chr16:68738315_C/T
chr16	68738291	68738436	CTCF	chr16:68738315_C/T
chr16	68738291	68738537	ESR1	chr16:68738315_C/T
chr16	68738296	68738502	ESR1	chr16:68738315_C/T
chr16	68738296	68738515	SRF	chr16:68738315_C/T
chr16	68738300	68738447	CTCF	chr16:68738315_C/T
chr16	68738300	68738447	RAD21	chr16:68738315_C/T
chr16	68738301	68738431	CTCF	chr16:68738315_C/T
chr16	68738302	68738483	CTCF	chr16:68738315_C/T
chr16	68738302	68738419	RAD21	chr16:68738315_C/T
chr16	68738304	68738520	ESR1	chr16:68738315_C/T
chr16	68738305	68738517	CTCF	chr16:68738315_C/T
chr16	68738305	68738480	CTCF	chr16:68738315_C/T
chr16	68738305	68738423	SMAD1	chr16:68738315_C/T
chr16	68738305	68738750	SPI1	chr16:68738315_C/T
chr16	68738306	68738429	CTCF	chr16:68738315_C/T
chr16	68738306	68738487	RAD21	chr16:68738315_C/T
chr16	68738308	68738483	CTCF	chr16:68738315_C/T
chr16	68738309	68738437	POLR2A	chr16:68738315_C/T
chr16	68738314	68738456	CTCF	chr16:68738315_C/T
chr16	68738314	68738410	SRC	chr16:68738315_C/T
chr16	68738315	68738527	CTCF	chr16:68738315_C/T
chr8	102394791	102395405	SPI1	chr8:102395112_A/C
chr8	102394798	102395118	FOXA1	chr8:102395112_A/C
chr8	102394809	102395346	PGR	chr8:102395112_A/C
chr8	102394829	102395152	AR	chr8:102395112_A/C
chr8	102394834	102395285	SPI1	chr8:102395112_A/C
chr8	102394836	102395266	PGR	chr8:102395112_A/C
chr8	102394847	102395216	AR	chr8:102395112_A/C
chr8	102394886	102395254	MYC	chr8:102395112_A/C
chr8	102394891	102395132	AR	chr8:102395112_A/C
chr8	102394903	102395323	MYC	chr8:102395112_A/C
chr8	102394906	102395163	AR	chr8:102395112_A/C
chr8	102394913	102395157	MAX	chr8:102395112_A/C
chr8	102394916	102395253	MAX	chr8:102395112_A/C
chr8	102394927	102395309	AR	chr8:102395112_A/C
